日期,访问来源,终端类型,区域,访问人数
2017-7-10,直接访问,macOS,北京,278
2017-7-10,直接访问,macOS,上海,326
2017-7-10,直接访问,macOS,天津,33
2017-7-10,直接访问,macOS,重庆,62
2017-7-10,直接访问,macOS,安徽,48
2017-7-10,直接访问,macOS,福建,110
2017-7-10,直接访问,macOS,甘肃,42
2017-7-10,直接访问,macOS,广东,145
2017-7-10,直接访问,macOS,广西,49
2017-7-10,直接访问,macOS,贵州,33
2017-7-10,直接访问,macOS,海南,60
2017-7-10,直接访问,macOS,河北,77
2017-7-10,直接访问,macOS,河南,68
2017-7-10,直接访问,macOS,黑龙江,85
2017-7-10,直接访问,macOS,湖北,55
2017-7-10,直接访问,macOS,湖南,59
2017-7-10,直接访问,macOS,吉林,71
2017-7-10,直接访问,macOS,江苏,141
2017-7-10,直接访问,macOS,江西,55
2017-7-10,直接访问,macOS,辽宁,114
2017-7-10,直接访问,macOS,内蒙古,102
2017-7-10,直接访问,macOS,宁夏,57
2017-7-10,直接访问,macOS,青海,56
2017-7-10,直接访问,macOS,山东,112
2017-7-10,直接访问,macOS,山西,73
2017-7-10,直接访问,macOS,陕西,59
2017-7-10,直接访问,macOS,四川,56
2017-7-10,直接访问,macOS,西藏,47
2017-7-10,直接访问,macOS,新疆,62
2017-7-10,直接访问,macOS,云南,38
2017-7-10,直接访问,macOS,浙江,136
2017-7-10,直接访问,macOS,台湾,14
2017-7-10,直接访问,macOS,香港,22
2017-7-10,直接访问,macOS,澳门,4
2017-7-10,直接访问,Linux,北京,88
2017-7-10,直接访问,Linux,上海,92
2017-7-10,直接访问,Linux,天津,12
2017-7-10,直接访问,Linux,重庆,20
2017-7-10,直接访问,Linux,安徽,14
2017-7-10,直接访问,Linux,福建,31
2017-7-10,直接访问,Linux,甘肃,13
2017-7-10,直接访问,Linux,广东,42
2017-7-10,直接访问,Linux,广西,18
2017-7-10,直接访问,Linux,贵州,11
2017-7-10,直接访问,Linux,海南,22
2017-7-10,直接访问,Linux,河北,24
2017-7-10,直接访问,Linux,河南,20
2017-7-10,直接访问,Linux,黑龙江,29
2017-7-10,直接访问,Linux,湖北,20
2017-7-10,直接访问,Linux,湖南,21
2017-7-10,直接访问,Linux,吉林,24
2017-7-10,直接访问,Linux,江苏,45
2017-7-10,直接访问,Linux,江西,20
2017-7-10,直接访问,Linux,辽宁,39
2017-7-10,直接访问,Linux,内蒙古,33
2017-7-10,直接访问,Linux,宁夏,17
2017-7-10,直接访问,Linux,青海,18
2017-7-10,直接访问,Linux,山东,36
2017-7-10,直接访问,Linux,山西,26
2017-7-10,直接访问,Linux,陕西,19
2017-7-10,直接访问,Linux,四川,18
2017-7-10,直接访问,Linux,西藏,19
2017-7-10,直接访问,Linux,新疆,23
2017-7-10,直接访问,Linux,云南,16
2017-7-10,直接访问,Linux,浙江,56
2017-7-10,直接访问,Linux,台湾,4
2017-7-10,直接访问,Linux,香港,8
2017-7-10,直接访问,Linux,澳门,1
2017-7-10,直接访问,Windows,北京,479
2017-7-10,直接访问,Windows,上海,649
2017-7-10,直接访问,Windows,天津,61
2017-7-10,直接访问,Windows,重庆,140
2017-7-10,直接访问,Windows,安徽,108
2017-7-10,直接访问,Windows,福建,199
2017-7-10,直接访问,Windows,甘肃,72
2017-7-10,直接访问,Windows,广东,254
2017-7-10,直接访问,Windows,广西,95
2017-7-10,直接访问,Windows,贵州,58
2017-7-10,直接访问,Windows,海南,115
2017-7-10,直接访问,Windows,河北,183
2017-7-10,直接访问,Windows,河南,137
2017-7-10,直接访问,Windows,黑龙江,139
2017-7-10,直接访问,Windows,湖北,115
2017-7-10,直接访问,Windows,湖南,102
2017-7-10,直接访问,Windows,吉林,161
2017-7-10,直接访问,Windows,江苏,272
2017-7-10,直接访问,Windows,江西,111
2017-7-10,直接访问,Windows,辽宁,219
2017-7-10,直接访问,Windows,内蒙古,235
2017-7-10,直接访问,Windows,宁夏,103
2017-7-10,直接访问,Windows,青海,120
2017-7-10,直接访问,Windows,山东,214
2017-7-10,直接访问,Windows,山西,161
2017-7-10,直接访问,Windows,陕西,112
2017-7-10,直接访问,Windows,四川,115
2017-7-10,直接访问,Windows,西藏,87
2017-7-10,直接访问,Windows,新疆,131
2017-7-10,直接访问,Windows,云南,91
2017-7-10,直接访问,Windows,浙江,284
2017-7-10,直接访问,Windows,台湾,29
2017-7-10,直接访问,Windows,香港,49
2017-7-10,直接访问,Windows,澳门,9
2017-7-10,直接访问,iOS,北京,231
2017-7-10,直接访问,iOS,上海,272
2017-7-10,直接访问,iOS,天津,31
2017-7-10,直接访问,iOS,重庆,55
2017-7-10,直接访问,iOS,安徽,55
2017-7-10,直接访问,iOS,福建,90
2017-7-10,直接访问,iOS,甘肃,47
2017-7-10,直接访问,iOS,广东,140
2017-7-10,直接访问,iOS,广西,47
2017-7-10,直接访问,iOS,贵州,34
2017-7-10,直接访问,iOS,海南,55
2017-7-10,直接访问,iOS,河北,89
2017-7-10,直接访问,iOS,河南,70
2017-7-10,直接访问,iOS,黑龙江,91
2017-7-10,直接访问,iOS,湖北,66
2017-7-10,直接访问,iOS,湖南,50
2017-7-10,直接访问,iOS,吉林,69
2017-7-10,直接访问,iOS,江苏,133
2017-7-10,直接访问,iOS,江西,58
2017-7-10,直接访问,iOS,辽宁,119
2017-7-10,直接访问,iOS,内蒙古,124
2017-7-10,直接访问,iOS,宁夏,53
2017-7-10,直接访问,iOS,青海,62
2017-7-10,直接访问,iOS,山东,107
2017-7-10,直接访问,iOS,山西,61
2017-7-10,直接访问,iOS,陕西,49
2017-7-10,直接访问,iOS,四川,48
2017-7-10,直接访问,iOS,西藏,57
2017-7-10,直接访问,iOS,新疆,66
2017-7-10,直接访问,iOS,云南,38
2017-7-10,直接访问,iOS,浙江,166
2017-7-10,直接访问,iOS,台湾,14
2017-7-10,直接访问,iOS,香港,25
2017-7-10,直接访问,iOS,澳门,4
2017-7-10,直接访问,YunOS,北京,82
2017-7-10,直接访问,YunOS,上海,107
2017-7-10,直接访问,YunOS,天津,10
2017-7-10,直接访问,YunOS,重庆,23
2017-7-10,直接访问,YunOS,安徽,15
2017-7-10,直接访问,YunOS,福建,38
2017-7-10,直接访问,YunOS,甘肃,14
2017-7-10,直接访问,YunOS,广东,53
2017-7-10,直接访问,YunOS,广西,15
2017-7-10,直接访问,YunOS,贵州,11
2017-7-10,直接访问,YunOS,海南,22
2017-7-10,直接访问,YunOS,河北,24
2017-7-10,直接访问,YunOS,河南,20
2017-7-10,直接访问,YunOS,黑龙江,26
2017-7-10,直接访问,YunOS,湖北,24
2017-7-10,直接访问,YunOS,湖南,19
2017-7-10,直接访问,YunOS,吉林,25
2017-7-10,直接访问,YunOS,江苏,46
2017-7-10,直接访问,YunOS,江西,19
2017-7-10,直接访问,YunOS,辽宁,41
2017-7-10,直接访问,YunOS,内蒙古,41
2017-7-10,直接访问,YunOS,宁夏,20
2017-7-10,直接访问,YunOS,青海,19
2017-7-10,直接访问,YunOS,山东,36
2017-7-10,直接访问,YunOS,山西,25
2017-7-10,直接访问,YunOS,陕西,19
2017-7-10,直接访问,YunOS,四川,18
2017-7-10,直接访问,YunOS,西藏,16
2017-7-10,直接访问,YunOS,新疆,20
2017-7-10,直接访问,YunOS,云南,13
2017-7-10,直接访问,YunOS,浙江,56
2017-7-10,直接访问,YunOS,台湾,4
2017-7-10,直接访问,YunOS,香港,8
2017-7-10,直接访问,YunOS,澳门,1
2017-7-10,直接访问,Andriod,北京,495
2017-7-10,直接访问,Andriod,上海,610
2017-7-10,直接访问,Andriod,天津,72
2017-7-10,直接访问,Andriod,重庆,109
2017-7-10,直接访问,Andriod,安徽,87
2017-7-10,直接访问,Andriod,福建,197
2017-7-10,直接访问,Andriod,甘肃,92
2017-7-10,直接访问,Andriod,广东,270
2017-7-10,直接访问,Andriod,广西,104
2017-7-10,直接访问,Andriod,贵州,55
2017-7-10,直接访问,Andriod,海南,109
2017-7-10,直接访问,Andriod,河北,164
2017-7-10,直接访问,Andriod,河南,128
2017-7-10,直接访问,Andriod,黑龙江,145
2017-7-10,直接访问,Andriod,湖北,131
2017-7-10,直接访问,Andriod,湖南,105
2017-7-10,直接访问,Andriod,吉林,134
2017-7-10,直接访问,Andriod,江苏,297
2017-7-10,直接访问,Andriod,江西,109
2017-7-10,直接访问,Andriod,辽宁,224
2017-7-10,直接访问,Andriod,内蒙古,239
2017-7-10,直接访问,Andriod,宁夏,121
2017-7-10,直接访问,Andriod,青海,110
2017-7-10,直接访问,Andriod,山东,239
2017-7-10,直接访问,Andriod,山西,133
2017-7-10,直接访问,Andriod,陕西,125
2017-7-10,直接访问,Andriod,四川,96
2017-7-10,直接访问,Andriod,西藏,106
2017-7-10,直接访问,Andriod,新疆,123
2017-7-10,直接访问,Andriod,云南,72
2017-7-10,直接访问,Andriod,浙江,284
2017-7-10,直接访问,Andriod,台湾,29
2017-7-10,直接访问,Andriod,香港,47
2017-7-10,直接访问,Andriod,澳门,9
2017-7-10,外部链接,macOS,北京,125
2017-7-10,外部链接,macOS,上海,157
2017-7-10,外部链接,macOS,天津,18
2017-7-10,外部链接,macOS,重庆,29
2017-7-10,外部链接,macOS,安徽,22
2017-7-10,外部链接,macOS,福建,49
2017-7-10,外部链接,macOS,甘肃,23
2017-7-10,外部链接,macOS,广东,69
2017-7-10,外部链接,macOS,广西,24
2017-7-10,外部链接,macOS,贵州,15
2017-7-10,外部链接,macOS,海南,30
2017-7-10,外部链接,macOS,河北,40
2017-7-10,外部链接,macOS,河南,37
2017-7-10,外部链接,macOS,黑龙江,46
2017-7-10,外部链接,macOS,湖北,34
2017-7-10,外部链接,macOS,湖南,30
2017-7-10,外部链接,macOS,吉林,42
2017-7-10,外部链接,macOS,江苏,63
2017-7-10,外部链接,macOS,江西,26
2017-7-10,外部链接,macOS,辽宁,56
2017-7-10,外部链接,macOS,内蒙古,53
2017-7-10,外部链接,macOS,宁夏,31
2017-7-10,外部链接,macOS,青海,31
2017-7-10,外部链接,macOS,山东,61
2017-7-10,外部链接,macOS,山西,33
2017-7-10,外部链接,macOS,陕西,29
2017-7-10,外部链接,macOS,四川,25
2017-7-10,外部链接,macOS,西藏,29
2017-7-10,外部链接,macOS,新疆,36
2017-7-10,外部链接,macOS,云南,23
2017-7-10,外部链接,macOS,浙江,87
2017-7-10,外部链接,macOS,台湾,6
2017-7-10,外部链接,macOS,香港,11
2017-7-10,外部链接,macOS,澳门,2
2017-7-10,外部链接,Linux,北京,44
2017-7-10,外部链接,Linux,上海,45
2017-7-10,外部链接,Linux,天津,6
2017-7-10,外部链接,Linux,重庆,9
2017-7-10,外部链接,Linux,安徽,9
2017-7-10,外部链接,Linux,福建,15
2017-7-10,外部链接,Linux,甘肃,7
2017-7-10,外部链接,Linux,广东,26
2017-7-10,外部链接,Linux,广西,8
2017-7-10,外部链接,Linux,贵州,5
2017-7-10,外部链接,Linux,海南,9
2017-7-10,外部链接,Linux,河北,15
2017-7-10,外部链接,Linux,河南,11
2017-7-10,外部链接,Linux,黑龙江,14
2017-7-10,外部链接,Linux,湖北,10
2017-7-10,外部链接,Linux,湖南,10
2017-7-10,外部链接,Linux,吉林,11
2017-7-10,外部链接,Linux,江苏,25
2017-7-10,外部链接,Linux,江西,9
2017-7-10,外部链接,Linux,辽宁,20
2017-7-10,外部链接,Linux,内蒙古,20
2017-7-10,外部链接,Linux,宁夏,10
2017-7-10,外部链接,Linux,青海,11
2017-7-10,外部链接,Linux,山东,19
2017-7-10,外部链接,Linux,山西,10
2017-7-10,外部链接,Linux,陕西,8
2017-7-10,外部链接,Linux,四川,8
2017-7-10,外部链接,Linux,西藏,9
2017-7-10,外部链接,Linux,新疆,11
2017-7-10,外部链接,Linux,云南,7
2017-7-10,外部链接,Linux,浙江,28
2017-7-10,外部链接,Linux,台湾,2
2017-7-10,外部链接,Linux,香港,4
2017-7-10,外部链接,Linux,澳门,1
2017-7-10,外部链接,Windows,北京,237
2017-7-10,外部链接,Windows,上海,258
2017-7-10,外部链接,Windows,天津,38
2017-7-10,外部链接,Windows,重庆,54
2017-7-10,外部链接,Windows,安徽,54
2017-7-10,外部链接,Windows,福建,114
2017-7-10,外部链接,Windows,甘肃,43
2017-7-10,外部链接,Windows,广东,160
2017-7-10,外部链接,Windows,广西,46
2017-7-10,外部链接,Windows,贵州,27
2017-7-10,外部链接,Windows,海南,52
2017-7-10,外部链接,Windows,河北,86
2017-7-10,外部链接,Windows,河南,66
2017-7-10,外部链接,Windows,黑龙江,83
2017-7-10,外部链接,Windows,湖北,73
2017-7-10,外部链接,Windows,湖南,63
2017-7-10,外部链接,Windows,吉林,73
2017-7-10,外部链接,Windows,江苏,158
2017-7-10,外部链接,Windows,江西,51
2017-7-10,外部链接,Windows,辽宁,109
2017-7-10,外部链接,Windows,内蒙古,108
2017-7-10,外部链接,Windows,宁夏,60
2017-7-10,外部链接,Windows,青海,51
2017-7-10,外部链接,Windows,山东,128
2017-7-10,外部链接,Windows,山西,77
2017-7-10,外部链接,Windows,陕西,59
2017-7-10,外部链接,Windows,四川,59
2017-7-10,外部链接,Windows,西藏,50
2017-7-10,外部链接,Windows,新疆,67
2017-7-10,外部链接,Windows,云南,43
2017-7-10,外部链接,Windows,浙江,154
2017-7-10,外部链接,Windows,台湾,12
2017-7-10,外部链接,Windows,香港,22
2017-7-10,外部链接,Windows,澳门,4
2017-7-10,外部链接,iOS,北京,140
2017-7-10,外部链接,iOS,上海,142
2017-7-10,外部链接,iOS,天津,19
2017-7-10,外部链接,iOS,重庆,31
2017-7-10,外部链接,iOS,安徽,27
2017-7-10,外部链接,iOS,福建,58
2017-7-10,外部链接,iOS,甘肃,22
2017-7-10,外部链接,iOS,广东,79
2017-7-10,外部链接,iOS,广西,22
2017-7-10,外部链接,iOS,贵州,14
2017-7-10,外部链接,iOS,海南,31
2017-7-10,外部链接,iOS,河北,38
2017-7-10,外部链接,iOS,河南,33
2017-7-10,外部链接,iOS,黑龙江,37
2017-7-10,外部链接,iOS,湖北,28
2017-7-10,外部链接,iOS,湖南,25
2017-7-10,外部链接,iOS,吉林,33
2017-7-10,外部链接,iOS,江苏,79
2017-7-10,外部链接,iOS,江西,30
2017-7-10,外部链接,iOS,辽宁,48
2017-7-10,外部链接,iOS,内蒙古,51
2017-7-10,外部链接,iOS,宁夏,28
2017-7-10,外部链接,iOS,青海,30
2017-7-10,外部链接,iOS,山东,59
2017-7-10,外部链接,iOS,山西,39
2017-7-10,外部链接,iOS,陕西,29
2017-7-10,外部链接,iOS,四川,28
2017-7-10,外部链接,iOS,西藏,28
2017-7-10,外部链接,iOS,新疆,34
2017-7-10,外部链接,iOS,云南,19
2017-7-10,外部链接,iOS,浙江,76
2017-7-10,外部链接,iOS,台湾,6
2017-7-10,外部链接,iOS,香港,11
2017-7-10,外部链接,iOS,澳门,2
2017-7-10,外部链接,YunOS,北京,48
2017-7-10,外部链接,YunOS,上海,45
2017-7-10,外部链接,YunOS,天津,6
2017-7-10,外部链接,YunOS,重庆,10
2017-7-10,外部链接,YunOS,安徽,7
2017-7-10,外部链接,YunOS,福建,20
2017-7-10,外部链接,YunOS,甘肃,6
2017-7-10,外部链接,YunOS,广东,24
2017-7-10,外部链接,YunOS,广西,8
2017-7-10,外部链接,YunOS,贵州,5
2017-7-10,外部链接,YunOS,海南,9
2017-7-10,外部链接,YunOS,河北,16
2017-7-10,外部链接,YunOS,河南,11
2017-7-10,外部链接,YunOS,黑龙江,13
2017-7-10,外部链接,YunOS,湖北,11
2017-7-10,外部链接,YunOS,湖南,9
2017-7-10,外部链接,YunOS,吉林,13
2017-7-10,外部链接,YunOS,江苏,21
2017-7-10,外部链接,YunOS,江西,10
2017-7-10,外部链接,YunOS,辽宁,18
2017-7-10,外部链接,YunOS,内蒙古,21
2017-7-10,外部链接,YunOS,宁夏,10
2017-7-10,外部链接,YunOS,青海,9
2017-7-10,外部链接,YunOS,山东,18
2017-7-10,外部链接,YunOS,山西,11
2017-7-10,外部链接,YunOS,陕西,8
2017-7-10,外部链接,YunOS,四川,9
2017-7-10,外部链接,YunOS,西藏,7
2017-7-10,外部链接,YunOS,新疆,13
2017-7-10,外部链接,YunOS,云南,7
2017-7-10,外部链接,YunOS,浙江,27
2017-7-10,外部链接,YunOS,台湾,2
2017-7-10,外部链接,YunOS,香港,4
2017-7-10,外部链接,YunOS,澳门,1
2017-7-10,外部链接,Andriod,北京,243
2017-7-10,外部链接,Andriod,上海,266
2017-7-10,外部链接,Andriod,天津,40
2017-7-10,外部链接,Andriod,重庆,60
2017-7-10,外部链接,Andriod,安徽,48
2017-7-10,外部链接,Andriod,福建,93
2017-7-10,外部链接,Andriod,甘肃,44
2017-7-10,外部链接,Andriod,广东,146
2017-7-10,外部链接,Andriod,广西,51
2017-7-10,外部链接,Andriod,贵州,33
2017-7-10,外部链接,Andriod,海南,60
2017-7-10,外部链接,Andriod,河北,85
2017-7-10,外部链接,Andriod,河南,59
2017-7-10,外部链接,Andriod,黑龙江,88
2017-7-10,外部链接,Andriod,湖北,70
2017-7-10,外部链接,Andriod,湖南,50
2017-7-10,外部链接,Andriod,吉林,71
2017-7-10,外部链接,Andriod,江苏,164
2017-7-10,外部链接,Andriod,江西,57
2017-7-10,外部链接,Andriod,辽宁,103
2017-7-10,外部链接,Andriod,内蒙古,102
2017-7-10,外部链接,Andriod,宁夏,58
2017-7-10,外部链接,Andriod,青海,56
2017-7-10,外部链接,Andriod,山东,124
2017-7-10,外部链接,Andriod,山西,74
2017-7-10,外部链接,Andriod,陕西,56
2017-7-10,外部链接,Andriod,四川,47
2017-7-10,外部链接,Andriod,西藏,52
2017-7-10,外部链接,Andriod,新疆,76
2017-7-10,外部链接,Andriod,云南,41
2017-7-10,外部链接,Andriod,浙江,176
2017-7-10,外部链接,Andriod,台湾,12
2017-7-10,外部链接,Andriod,香港,22
2017-7-10,外部链接,Andriod,澳门,5
2017-7-10,搜索引擎,macOS,北京,208
2017-7-10,搜索引擎,macOS,上海,191
2017-7-10,搜索引擎,macOS,天津,26
2017-7-10,搜索引擎,macOS,重庆,52
2017-7-10,搜索引擎,macOS,安徽,40
2017-7-10,搜索引擎,macOS,福建,67
2017-7-10,搜索引擎,macOS,甘肃,31
2017-7-10,搜索引擎,macOS,广东,111
2017-7-10,搜索引擎,macOS,广西,34
2017-7-10,搜索引擎,macOS,贵州,21
2017-7-10,搜索引擎,macOS,海南,50
2017-7-10,搜索引擎,macOS,河北,70
2017-7-10,搜索引擎,macOS,河南,51
2017-7-10,搜索引擎,macOS,黑龙江,62
2017-7-10,搜索引擎,macOS,湖北,48
2017-7-10,搜索引擎,macOS,湖南,40
2017-7-10,搜索引擎,macOS,吉林,62
2017-7-10,搜索引擎,macOS,江苏,112
2017-7-10,搜索引擎,macOS,江西,44
2017-7-10,搜索引擎,macOS,辽宁,89
2017-7-10,搜索引擎,macOS,内蒙古,76
2017-7-10,搜索引擎,macOS,宁夏,41
2017-7-10,搜索引擎,macOS,青海,41
2017-7-10,搜索引擎,macOS,山东,98
2017-7-10,搜索引擎,macOS,山西,56
2017-7-10,搜索引擎,macOS,陕西,39
2017-7-10,搜索引擎,macOS,四川,38
2017-7-10,搜索引擎,macOS,西藏,37
2017-7-10,搜索引擎,macOS,新疆,51
2017-7-10,搜索引擎,macOS,云南,31
2017-7-10,搜索引擎,macOS,浙江,111
2017-7-10,搜索引擎,macOS,台湾,9
2017-7-10,搜索引擎,macOS,香港,16
2017-7-10,搜索引擎,macOS,澳门,3
2017-7-10,搜索引擎,Linux,北京,55
2017-7-10,搜索引擎,Linux,上海,66
2017-7-10,搜索引擎,Linux,天津,9
2017-7-10,搜索引擎,Linux,重庆,17
2017-7-10,搜索引擎,Linux,安徽,12
2017-7-10,搜索引擎,Linux,福建,23
2017-7-10,搜索引擎,Linux,甘肃,10
2017-7-10,搜索引擎,Linux,广东,40
2017-7-10,搜索引擎,Linux,广西,13
2017-7-10,搜索引擎,Linux,贵州,8
2017-7-10,搜索引擎,Linux,海南,17
2017-7-10,搜索引擎,Linux,河北,20
2017-7-10,搜索引擎,Linux,河南,18
2017-7-10,搜索引擎,Linux,黑龙江,20
2017-7-10,搜索引擎,Linux,湖北,16
2017-7-10,搜索引擎,Linux,湖南,13
2017-7-10,搜索引擎,Linux,吉林,18
2017-7-10,搜索引擎,Linux,江苏,40
2017-7-10,搜索引擎,Linux,江西,12
2017-7-10,搜索引擎,Linux,辽宁,28
2017-7-10,搜索引擎,Linux,内蒙古,28
2017-7-10,搜索引擎,Linux,宁夏,13
2017-7-10,搜索引擎,Linux,青海,14
2017-7-10,搜索引擎,Linux,山东,27
2017-7-10,搜索引擎,Linux,山西,20
2017-7-10,搜索引擎,Linux,陕西,15
2017-7-10,搜索引擎,Linux,四川,14
2017-7-10,搜索引擎,Linux,西藏,13
2017-7-10,搜索引擎,Linux,新疆,17
2017-7-10,搜索引擎,Linux,云南,10
2017-7-10,搜索引擎,Linux,浙江,42
2017-7-10,搜索引擎,Linux,台湾,3
2017-7-10,搜索引擎,Linux,香港,5
2017-7-10,搜索引擎,Linux,澳门,1
2017-7-10,搜索引擎,Windows,北京,349
2017-7-10,搜索引擎,Windows,上海,442
2017-7-10,搜索引擎,Windows,天津,49
2017-7-10,搜索引擎,Windows,重庆,80
2017-7-10,搜索引擎,Windows,安徽,64
2017-7-10,搜索引擎,Windows,福建,173
2017-7-10,搜索引擎,Windows,甘肃,65
2017-7-10,搜索引擎,Windows,广东,182
2017-7-10,搜索引擎,Windows,广西,73
2017-7-10,搜索引擎,Windows,贵州,40
2017-7-10,搜索引擎,Windows,海南,93
2017-7-10,搜索引擎,Windows,河北,109
2017-7-10,搜索引擎,Windows,河南,96
2017-7-10,搜索引擎,Windows,黑龙江,120
2017-7-10,搜索引擎,Windows,湖北,101
2017-7-10,搜索引擎,Windows,湖南,83
2017-7-10,搜索引擎,Windows,吉林,121
2017-7-10,搜索引擎,Windows,江苏,203
2017-7-10,搜索引擎,Windows,江西,80
2017-7-10,搜索引擎,Windows,辽宁,178
2017-7-10,搜索引擎,Windows,内蒙古,185
2017-7-10,搜索引擎,Windows,宁夏,79
2017-7-10,搜索引擎,Windows,青海,77
2017-7-10,搜索引擎,Windows,山东,166
2017-7-10,搜索引擎,Windows,山西,117
2017-7-10,搜索引擎,Windows,陕西,80
2017-7-10,搜索引擎,Windows,四川,88
2017-7-10,搜索引擎,Windows,西藏,73
2017-7-10,搜索引擎,Windows,新疆,106
2017-7-10,搜索引擎,Windows,云南,56
2017-7-10,搜索引擎,Windows,浙江,247
2017-7-10,搜索引擎,Windows,台湾,22
2017-7-10,搜索引擎,Windows,香港,31
2017-7-10,搜索引擎,Windows,澳门,7
2017-7-10,搜索引擎,iOS,北京,199
2017-7-10,搜索引擎,iOS,上海,240
2017-7-10,搜索引擎,iOS,天津,23
2017-7-10,搜索引擎,iOS,重庆,49
2017-7-10,搜索引擎,iOS,安徽,34
2017-7-10,搜索引擎,iOS,福建,79
2017-7-10,搜索引擎,iOS,甘肃,29
2017-7-10,搜索引擎,iOS,广东,110
2017-7-10,搜索引擎,iOS,广西,35
2017-7-10,搜索引擎,iOS,贵州,25
2017-7-10,搜索引擎,iOS,海南,38
2017-7-10,搜索引擎,iOS,河北,60
2017-7-10,搜索引擎,iOS,河南,51
2017-7-10,搜索引擎,iOS,黑龙江,60
2017-7-10,搜索引擎,iOS,湖北,49
2017-7-10,搜索引擎,iOS,湖南,44
2017-7-10,搜索引擎,iOS,吉林,60
2017-7-10,搜索引擎,iOS,江苏,101
2017-7-10,搜索引擎,iOS,江西,46
2017-7-10,搜索引擎,iOS,辽宁,78
2017-7-10,搜索引擎,iOS,内蒙古,89
2017-7-10,搜索引擎,iOS,宁夏,39
2017-7-10,搜索引擎,iOS,青海,45
2017-7-10,搜索引擎,iOS,山东,83
2017-7-10,搜索引擎,iOS,山西,54
2017-7-10,搜索引擎,iOS,陕西,46
2017-7-10,搜索引擎,iOS,四川,44
2017-7-10,搜索引擎,iOS,西藏,37
2017-7-10,搜索引擎,iOS,新疆,61
2017-7-10,搜索引擎,iOS,云南,30
2017-7-10,搜索引擎,iOS,浙江,120
2017-7-10,搜索引擎,iOS,台湾,10
2017-7-10,搜索引擎,iOS,香港,17
2017-7-10,搜索引擎,iOS,澳门,3
2017-7-10,搜索引擎,YunOS,北京,57
2017-7-10,搜索引擎,YunOS,上海,73
2017-7-10,搜索引擎,YunOS,天津,10
2017-7-10,搜索引擎,YunOS,重庆,17
2017-7-10,搜索引擎,YunOS,安徽,13
2017-7-10,搜索引擎,YunOS,福建,28
2017-7-10,搜索引擎,YunOS,甘肃,10
2017-7-10,搜索引擎,YunOS,广东,37
2017-7-10,搜索引擎,YunOS,广西,12
2017-7-10,搜索引擎,YunOS,贵州,7
2017-7-10,搜索引擎,YunOS,海南,15
2017-7-10,搜索引擎,YunOS,河北,22
2017-7-10,搜索引擎,YunOS,河南,16
2017-7-10,搜索引擎,YunOS,黑龙江,21
2017-7-10,搜索引擎,YunOS,湖北,16
2017-7-10,搜索引擎,YunOS,湖南,16
2017-7-10,搜索引擎,YunOS,吉林,21
2017-7-10,搜索引擎,YunOS,江苏,34
2017-7-10,搜索引擎,YunOS,江西,13
2017-7-10,搜索引擎,YunOS,辽宁,27
2017-7-10,搜索引擎,YunOS,内蒙古,27
2017-7-10,搜索引擎,YunOS,宁夏,12
2017-7-10,搜索引擎,YunOS,青海,15
2017-7-10,搜索引擎,YunOS,山东,31
2017-7-10,搜索引擎,YunOS,山西,15
2017-7-10,搜索引擎,YunOS,陕西,14
2017-7-10,搜索引擎,YunOS,四川,14
2017-7-10,搜索引擎,YunOS,西藏,11
2017-7-10,搜索引擎,YunOS,新疆,17
2017-7-10,搜索引擎,YunOS,云南,12
2017-7-10,搜索引擎,YunOS,浙江,41
2017-7-10,搜索引擎,YunOS,台湾,4
2017-7-10,搜索引擎,YunOS,香港,6
2017-7-10,搜索引擎,YunOS,澳门,1
2017-7-10,搜索引擎,Andriod,北京,402
2017-7-10,搜索引擎,Andriod,上海,470
2017-7-10,搜索引擎,Andriod,天津,45
2017-7-10,搜索引擎,Andriod,重庆,101
2017-7-10,搜索引擎,Andriod,安徽,75
2017-7-10,搜索引擎,Andriod,福建,163
2017-7-10,搜索引擎,Andriod,甘肃,67
2017-7-10,搜索引擎,Andriod,广东,235
2017-7-10,搜索引擎,Andriod,广西,77
2017-7-10,搜索引擎,Andriod,贵州,42
2017-7-10,搜索引擎,Andriod,海南,87
2017-7-10,搜索引擎,Andriod,河北,134
2017-7-10,搜索引擎,Andriod,河南,95
2017-7-10,搜索引擎,Andriod,黑龙江,135
2017-7-10,搜索引擎,Andriod,湖北,95
2017-7-10,搜索引擎,Andriod,湖南,75
2017-7-10,搜索引擎,Andriod,吉林,98
2017-7-10,搜索引擎,Andriod,江苏,221
2017-7-10,搜索引擎,Andriod,江西,89
2017-7-10,搜索引擎,Andriod,辽宁,151
2017-7-10,搜索引擎,Andriod,内蒙古,189
2017-7-10,搜索引擎,Andriod,宁夏,90
2017-7-10,搜索引擎,Andriod,青海,82
2017-7-10,搜索引擎,Andriod,山东,201
2017-7-10,搜索引擎,Andriod,山西,108
2017-7-10,搜索引擎,Andriod,陕西,87
2017-7-10,搜索引擎,Andriod,四川,84
2017-7-10,搜索引擎,Andriod,西藏,68
2017-7-10,搜索引擎,Andriod,新疆,95
2017-7-10,搜索引擎,Andriod,云南,62
2017-7-10,搜索引擎,Andriod,浙江,215
2017-7-10,搜索引擎,Andriod,台湾,18
2017-7-10,搜索引擎,Andriod,香港,37
2017-7-10,搜索引擎,Andriod,澳门,6
2017-7-10,不明来源,macOS,北京,63
2017-7-10,不明来源,macOS,上海,62
2017-7-10,不明来源,macOS,天津,9
2017-7-10,不明来源,macOS,重庆,15
2017-7-10,不明来源,macOS,安徽,13
2017-7-10,不明来源,macOS,福建,25
2017-7-10,不明来源,macOS,甘肃,12
2017-7-10,不明来源,macOS,广东,36
2017-7-10,不明来源,macOS,广西,13
2017-7-10,不明来源,macOS,贵州,8
2017-7-10,不明来源,macOS,海南,14
2017-7-10,不明来源,macOS,河北,24
2017-7-10,不明来源,macOS,河南,18
2017-7-10,不明来源,macOS,黑龙江,19
2017-7-10,不明来源,macOS,湖北,16
2017-7-10,不明来源,macOS,湖南,14
2017-7-10,不明来源,macOS,吉林,19
2017-7-10,不明来源,macOS,江苏,37
2017-7-10,不明来源,macOS,江西,15
2017-7-10,不明来源,macOS,辽宁,25
2017-7-10,不明来源,macOS,内蒙古,31
2017-7-10,不明来源,macOS,宁夏,13
2017-7-10,不明来源,macOS,青海,13
2017-7-10,不明来源,macOS,山东,28
2017-7-10,不明来源,macOS,山西,19
2017-7-10,不明来源,macOS,陕西,14
2017-7-10,不明来源,macOS,四川,13
2017-7-10,不明来源,macOS,西藏,11
2017-7-10,不明来源,macOS,新疆,19
2017-7-10,不明来源,macOS,云南,10
2017-7-10,不明来源,macOS,浙江,41
2017-7-10,不明来源,macOS,台湾,3
2017-7-10,不明来源,macOS,香港,5
2017-7-10,不明来源,macOS,澳门,1
2017-7-10,不明来源,Linux,北京,22
2017-7-10,不明来源,Linux,上海,21
2017-7-10,不明来源,Linux,天津,3
2017-7-10,不明来源,Linux,重庆,5
2017-7-10,不明来源,Linux,安徽,4
2017-7-10,不明来源,Linux,福建,9
2017-7-10,不明来源,Linux,甘肃,3
2017-7-10,不明来源,Linux,广东,11
2017-7-10,不明来源,Linux,广西,4
2017-7-10,不明来源,Linux,贵州,2
2017-7-10,不明来源,Linux,海南,5
2017-7-10,不明来源,Linux,河北,7
2017-7-10,不明来源,Linux,河南,6
2017-7-10,不明来源,Linux,黑龙江,7
2017-7-10,不明来源,Linux,湖北,6
2017-7-10,不明来源,Linux,湖南,5
2017-7-10,不明来源,Linux,吉林,6
2017-7-10,不明来源,Linux,江苏,13
2017-7-10,不明来源,Linux,江西,4
2017-7-10,不明来源,Linux,辽宁,9
2017-7-10,不明来源,Linux,内蒙古,10
2017-7-10,不明来源,Linux,宁夏,4
2017-7-10,不明来源,Linux,青海,5
2017-7-10,不明来源,Linux,山东,11
2017-7-10,不明来源,Linux,山西,6
2017-7-10,不明来源,Linux,陕西,5
2017-7-10,不明来源,Linux,四川,4
2017-7-10,不明来源,Linux,西藏,5
2017-7-10,不明来源,Linux,新疆,6
2017-7-10,不明来源,Linux,云南,3
2017-7-10,不明来源,Linux,浙江,12
2017-7-10,不明来源,Linux,台湾,1
2017-7-10,不明来源,Linux,香港,2
2017-7-10,不明来源,Linux,澳门,0
2017-7-10,不明来源,Windows,北京,112
2017-7-10,不明来源,Windows,上海,151
2017-7-10,不明来源,Windows,天津,16
2017-7-10,不明来源,Windows,重庆,35
2017-7-10,不明来源,Windows,安徽,24
2017-7-10,不明来源,Windows,福建,46
2017-7-10,不明来源,Windows,甘肃,19
2017-7-10,不明来源,Windows,广东,79
2017-7-10,不明来源,Windows,广西,25
2017-7-10,不明来源,Windows,贵州,16
2017-7-10,不明来源,Windows,海南,26
2017-7-10,不明来源,Windows,河北,43
2017-7-10,不明来源,Windows,河南,33
2017-7-10,不明来源,Windows,黑龙江,42
2017-7-10,不明来源,Windows,湖北,32
2017-7-10,不明来源,Windows,湖南,29
2017-7-10,不明来源,Windows,吉林,43
2017-7-10,不明来源,Windows,江苏,62
2017-7-10,不明来源,Windows,江西,23
2017-7-10,不明来源,Windows,辽宁,54
2017-7-10,不明来源,Windows,内蒙古,52
2017-7-10,不明来源,Windows,宁夏,27
2017-7-10,不明来源,Windows,青海,26
2017-7-10,不明来源,Windows,山东,55
2017-7-10,不明来源,Windows,山西,36
2017-7-10,不明来源,Windows,陕西,31
2017-7-10,不明来源,Windows,四川,26
2017-7-10,不明来源,Windows,西藏,28
2017-7-10,不明来源,Windows,新疆,31
2017-7-10,不明来源,Windows,云南,19
2017-7-10,不明来源,Windows,浙江,72
2017-7-10,不明来源,Windows,台湾,7
2017-7-10,不明来源,Windows,香港,12
2017-7-10,不明来源,Windows,澳门,2
2017-7-10,不明来源,iOS,北京,65
2017-7-10,不明来源,iOS,上海,73
2017-7-10,不明来源,iOS,天津,8
2017-7-10,不明来源,iOS,重庆,15
2017-7-10,不明来源,iOS,安徽,12
2017-7-10,不明来源,iOS,福建,29
2017-7-10,不明来源,iOS,甘肃,11
2017-7-10,不明来源,iOS,广东,34
2017-7-10,不明来源,iOS,广西,13
2017-7-10,不明来源,iOS,贵州,7
2017-7-10,不明来源,iOS,海南,14
2017-7-10,不明来源,iOS,河北,23
2017-7-10,不明来源,iOS,河南,17
2017-7-10,不明来源,iOS,黑龙江,18
2017-7-10,不明来源,iOS,湖北,14
2017-7-10,不明来源,iOS,湖南,15
2017-7-10,不明来源,iOS,吉林,20
2017-7-10,不明来源,iOS,江苏,35
2017-7-10,不明来源,iOS,江西,14
2017-7-10,不明来源,iOS,辽宁,29
2017-7-10,不明来源,iOS,内蒙古,24
2017-7-10,不明来源,iOS,宁夏,14
2017-7-10,不明来源,iOS,青海,15
2017-7-10,不明来源,iOS,山东,31
2017-7-10,不明来源,iOS,山西,17
2017-7-10,不明来源,iOS,陕西,13
2017-7-10,不明来源,iOS,四川,13
2017-7-10,不明来源,iOS,西藏,13
2017-7-10,不明来源,iOS,新疆,19
2017-7-10,不明来源,iOS,云南,11
2017-7-10,不明来源,iOS,浙江,38
2017-7-10,不明来源,iOS,台湾,3
2017-7-10,不明来源,iOS,香港,6
2017-7-10,不明来源,iOS,澳门,1
2017-7-10,不明来源,YunOS,北京,21
2017-7-10,不明来源,YunOS,上海,27
2017-7-10,不明来源,YunOS,天津,3
2017-7-10,不明来源,YunOS,重庆,5
2017-7-10,不明来源,YunOS,安徽,4
2017-7-10,不明来源,YunOS,福建,8
2017-7-10,不明来源,YunOS,甘肃,4
2017-7-10,不明来源,YunOS,广东,12
2017-7-10,不明来源,YunOS,广西,4
2017-7-10,不明来源,YunOS,贵州,3
2017-7-10,不明来源,YunOS,海南,5
2017-7-10,不明来源,YunOS,河北,8
2017-7-10,不明来源,YunOS,河南,6
2017-7-10,不明来源,YunOS,黑龙江,6
2017-7-10,不明来源,YunOS,湖北,5
2017-7-10,不明来源,YunOS,湖南,5
2017-7-10,不明来源,YunOS,吉林,7
2017-7-10,不明来源,YunOS,江苏,12
2017-7-10,不明来源,YunOS,江西,5
2017-7-10,不明来源,YunOS,辽宁,10
2017-7-10,不明来源,YunOS,内蒙古,10
2017-7-10,不明来源,YunOS,宁夏,4
2017-7-10,不明来源,YunOS,青海,4
2017-7-10,不明来源,YunOS,山东,9
2017-7-10,不明来源,YunOS,山西,6
2017-7-10,不明来源,YunOS,陕西,5
2017-7-10,不明来源,YunOS,四川,5
2017-7-10,不明来源,YunOS,西藏,4
2017-7-10,不明来源,YunOS,新疆,6
2017-7-10,不明来源,YunOS,云南,4
2017-7-10,不明来源,YunOS,浙江,13
2017-7-10,不明来源,YunOS,台湾,1
2017-7-10,不明来源,YunOS,香港,2
2017-7-10,不明来源,YunOS,澳门,0
2017-7-10,不明来源,Andriod,北京,108
2017-7-10,不明来源,Andriod,上海,158
2017-7-10,不明来源,Andriod,天津,18
2017-7-10,不明来源,Andriod,重庆,33
2017-7-10,不明来源,Andriod,安徽,28
2017-7-10,不明来源,Andriod,福建,57
2017-7-10,不明来源,Andriod,甘肃,22
2017-7-10,不明来源,Andriod,广东,65
2017-7-10,不明来源,Andriod,广西,22
2017-7-10,不明来源,Andriod,贵州,14
2017-7-10,不明来源,Andriod,海南,30
2017-7-10,不明来源,Andriod,河北,46
2017-7-10,不明来源,Andriod,河南,29
2017-7-10,不明来源,Andriod,黑龙江,37
2017-7-10,不明来源,Andriod,湖北,32
2017-7-10,不明来源,Andriod,湖南,30
2017-7-10,不明来源,Andriod,吉林,36
2017-7-10,不明来源,Andriod,江苏,77
2017-7-10,不明来源,Andriod,江西,25
2017-7-10,不明来源,Andriod,辽宁,57
2017-7-10,不明来源,Andriod,内蒙古,63
2017-7-10,不明来源,Andriod,宁夏,27
2017-7-10,不明来源,Andriod,青海,26
2017-7-10,不明来源,Andriod,山东,54
2017-7-10,不明来源,Andriod,山西,34
2017-7-10,不明来源,Andriod,陕西,32
2017-7-10,不明来源,Andriod,四川,24
2017-7-10,不明来源,Andriod,西藏,28
2017-7-10,不明来源,Andriod,新疆,31
2017-7-10,不明来源,Andriod,云南,23
2017-7-10,不明来源,Andriod,浙江,88
2017-7-10,不明来源,Andriod,台湾,7
2017-7-10,不明来源,Andriod,香港,10
2017-7-10,不明来源,Andriod,澳门,2
